{
  "setting": {},
  "condition": {
    "plugin": {
      "list": []
    },
    "game": {
      "list": []
    },
    "gamePlugin": {
      "list": []
    },
    "miniprogram": {
      "list": [
        {
          "name": "pages/comment/index",
          "pathName": "pages/comment/index",
          "query": "tid=1XBy0003&str=你忽闪着一双聪颖、智慧的眼睛，在全班同学和老师心目中树立了优秀小干部的形象，全部同学都默默地把你作为榜样。上课专心听讲、认真完成作业。你团结同学，待人有礼貌，诚恳。老师布置的事情，你能默默地记在心里，积极去做，从来不用老师操心。老师希望争取更好的成绩！老师想，如果你以后写字更认真仔细一点，那么你将更加出色，更加完美！123",
          "scene": null
        }
      ]
    }
  }
}